{
  "name": "nice-more-dice",
  "id": "nice-more-dice",
  "title": "Nice more Dice",
  "description": "Adds a bunch of dice textures and dice faces to DsN.",
  "version": "0.0.1",
  "readme": "https://github.com/taxicrabb/Testdice2/blob/main/README.md",
  "author": "taxicrabb",
  "authors": [
    {
      "name": "taxicrabb"
    }
  ],
  "scripts": ["scripts/nice-more-dice.json"],
  "url": "https://github.com/taxicrabb/Testdice2",
  "manifest": "https://raw.githubusercontent.com/taxicrabb/Testdice2/edit/main/dice-so-more-nice/module.json",
  "download": "https://raw.githubusercontent.com/LyncsCwtsh/fvtt-module-nice-more-dice/main/module.zip",
  "minimumCoreVersion": "0.7.9",
  "compatibleCoreVersion": "10",
  "compatibility": {
    "minimum": "0.7.9",
    "verified": 10,
    "maximum": 10
  }
}
