{
  "id": "orksork-emoji-dice",
  "title": "Orksork's Emoji Dice So Nice Nice Dice",
  "description": "Some extra regular and not distracting dice for use with Dice So Nice. Requires Dice So Nice to work.",
  "version": "This is auto replaced",
  "library": "false",
  "manifestPlusVersion": "1.2.0",
  "minimumCoreVersion": "0.7.9",
  "compatibleCoreVersion": "10.286",
  "authors": [
    {
		"name":"Taxicrab",
		"url": "https://github.com/taxicrabb",
		"discord": "taxicrab"
    }
  ],
  "dependencies": [
		{
			"name": "dice-so-nice",
			"manifest": "https://gitlab.com/riccisi/foundryvtt-dice-so-nice/raw/master/module/module.json"
		}
  ],
  "conflicts": [
    
  ],
  "scripts": [
    "scripts/nicemoredice.js"
  ],
  "styles": [
  ],
  "languages": [

  ],
  "url": "https://github.com/taxicrabb/Testdice2",
  "manifest": "https://github.com/taxicrabb/Testdice2/blob/main/dice-so-more-nice/module.json",
  "download": "https://github.com/taxicrabb/Testdice2/blob/main/Testdice2-module.zip",
  "readme": "https://github.com/taxicrabb/Testdice2/raw/main/README.md"
}
