{
  "id": "taxicrabb",
  "name": "Taxicrabb",
  "title": "Taxicrabb's Custom Dice for Dice So Nice",
  "description": "Additional Dice presets and themes for Dice So Nice. Requires Dice So Nice module to work.",
  "version": "This is auto replaced",
  "library": "false",
  "compatibility": {
    "minimum": "9",
    "verified": "11",
	"maximum": "11"
  },
  "authors": [
    {
		"name":"taxicrab",
		"url": "https://github.com/taxicrabb",
		"discord": "taxicrab"
    }
  ],
  "conflicts": [
    
  ],
  "esmodules": [
  
  ],
  "scripts": [
	"scripts/nicemoredice.js"
  ],
  "styles": [
	"dicestyle.css"
  ],
  "languages": [

  ],
  "url": "This is auto replaced",
  "manifest": "This is auto replaced",
  "download": "This is auto replaced",
  "readme": "https://raw.githubusercontent.com/taxicrabb/Testdice2/main/README.md",
  "media": [
  {
    "type": "cover",
    "url": "https://raw.githubusercontent.com/LorduFreeman/foundry-lordudice/main/pics/lcdcover.png",
    "caption": "Lordu's Custom Dice for Dice So Nice"
  },
    {
      "type": "icon",
      "url": "https://avatars.githubusercontent.com/u/72170114?s=400&u=e1d4d6fa8f4622a71c23d7e3f5f24d45967ceed3&v=4"
    },
  {
    "type": "screenshot",
    "url": "https://raw.githubusercontent.com/LorduFreeman/foundry-lordudice/main/pics/saviourset.png",
    "caption": "Saviour Dice"
  },
  {
    "type": "screenshot",
    "url": "https://raw.githubusercontent.com/LorduFreeman/foundry-lordudice/main/pics/ddset.png",
    "caption": "Dark Copper Dice"
  }
 ]
}
