{
    "name": "nice-more-dice",
    "id": "nice-more-dice",
    "title": "Nice more Dice",
    "description": "Adds a bunch of dice textures and dice faces to DsN.",
    "version": "1.0.1",
    "readme": "https://github.com/taxicrabb/Testdice2/blob/main/README.md",
    "author": "taxicrabb",
    "authors": [
        {
            "name": "taxicrabb"
        }
    ],
    "scripts": [
        "scripts/nice-more-dice.js"
    ],
    "url": "https://github.com/taxicrabb/Testdice2",
    "manifest": "https://raw.githubusercontent.com/taxicrabb/Testdice2/main/dice-so-more-nice/module.json",
    "download": "https://github.com/taxicrabb/Testdice2/raw/main/Testdice2-module.zip"
}
